"node_id","cluster_id","doi","pmid"
5139585,9198089,"10.1016/0006-3002(61)90539-x",13747922
7813111,9481097,"10.1111/j.1550-7408.1964.tb01730.x",14119551
14145519,4958598,"10.1126/science.171.3968.308",5538847
3480229,7849589,"10.1016/0304-4165(79)90354-4",486550
5256455,13038032,"10.1002/ana.410090506",7271239
10647465,8684230,"10.1111/j.1346-8138.1987.tb03621.x",3329651
5083956,6818063,"10.1016/0005-2728(79)90132-4",41573
6066570,12343568,"10.1016/0196-9781(91)90027-m",2067988
6812160,8510933,"10.1002/ajpa.1330840310",2024718
6003439,13339987,"10.1016/j.fertnstert.2004.04.025",15374702
3855682,7838584,"10.1038/ng0594-22",8075634
9528968,4708427,"10.1016/0306-4522(93)90186-j",8094543
5172308,9435409,"10.1136/jmg.30.3.198",8097257
5680238,1673992,"10.1006/taap.2001.9214",11485390
1842799,2789430,"10.1002/jcb.1173",11500928
1780000,11304281,"10.1016/0735-1097(95)00421-1",8522685
10681299,3516822,"10.1016/0006-8993(95)00551-z",8528695
576428,4285405,"10.1016/s0889-8529(05)70004-9",9669137
10870989,9325993,"10.1111/j.0014-3820.2001.tb00755.x",11831656
6573771,7291192,"10.1161/hq0202.104122",11834537
3017014,7434700,"10.1006/abio.2001.5523",11846372
7802975,12401170,"10.1097/00004836-200411000-00003",15492599
10794668,4829277,"10.1385/1-59259-848-x:215",15507711
1234320,5182911,"10.1016/j.bpg.2006.04.009",16997162
2223337,2907552,"10.1016/s0925-4773(00)00473-1",11091087
1828155,8214596,"10.1016/j.bbmt.2003.11.001",14993884
225407,10968133,"10.1111/j.0303-6987.2005.00331.x",15811122
2999125,8260913,"10.1021/nl050298x",15826132
421221,5158577,"10.1007/s00383-005-1411-z",15827752
4469369,9625835,"10.1007/s00335-004-2441-x",15834638
713932,30,"10.4049/jimmunol.174.7.3967",15778353
6006314,9124476,"10.1167/iovs.04-0825",15790916
1729959,5299590,"10.1016/j.cub.2005.02.021",15797025
10525006,13014353,"10.1007/s00520-004-0729-8",15798918
685703,2447425,"10.1210/en.2004-0709",15802502
3661083,4829444,"10.1016/j.jsbmb.2006.07.009",17049841
4725143,8673294,"10.1097/01.sla.0000224726.61448.1b",17060767
10958530,1177199,"10.1128/jcm.12.1.69-73.1980",6775009
12596159,3958485,"10.2217/17435889.2.4.511",17716134
4655159,1537848,"10.1002/cncr.23693",18623378
6274697,9979519,"10.3349/ymj.2008.49.3.405",18581589
14546994,9495911,"10.1126/science.192.4242.885",17817763
4290664,10163723,"10.1016/j.bmcl.2007.07.057",17827008
4536928,12381858,"10.1007/s10661-008-0331-5",18594997
4446407,8487422,"10.1086/421469",15243933
3170122,6041419,"10.1021/bm049941k",15244470
2847604,7054303,"10.1093/nar/15.13.5479",3037494
11765866,3691846,"10.1016/0147-619x(83)90026-4",6836052
2606346,864998,"10.1038/cdd.2010.102",20725088
12361650,6796220,"10.1186/ar2491",18828888
5163357,5674360,"10.1016/j.jpsychires.2010.08.001",20728902
4691631,1597094,"10.1016/j.ygcen.2012.03.005",22465781
6004967,5015313,"10.1016/j.neuroscience.2010.08.032",20732394
2938469,931698,"10.1016/j.biocel.2008.07.004",18692155
11585064,11106329,"10.1007/978-1-60327-299-5_5",20135277
13529515,7317010,"10.1016/j.brainres.2010.01.081",20138852
4858519,7634897,"10.1021/jo102592f",21534559
7844908,10515302,"10.1016/j.biomaterials.2009.04.028",19447489
3458447,4,"10.1186/1741-7007-7-26",19470166
8050196,10526271,"10.1016/j.micron.2009.04.002",19473850
11427134,11943283,"10.1093/ageing/afn158",18703522
1191480,4415710,"10.1111/j.1472-8206.2008.00608.x",18705745
3552308,1352864,"10.1371/journal.pone.0027457",22096576
13440993,10945362,"10.1093/aesa/sav037",27418696
2054978,2758349,"10.1371/journal.pone.0032400",22427834
3888377,8037857,"10.1517/17425255.2012.674512",22435536
3510853,3546944,"10.1016/j.jhep.2011.11.029",22446689
2180120,7446451,"10.1016/j.ejca.2012.07.018",22975216
10754602,1339539,"10.1016/j.ridd.2013.04.010",23692893
3979155,3486248,"10.1007/s12033-013-9672-6",23709336
10437284,3483625,"10.1113/jphysiol.2013.259721",24344162
3936582,1157102,"10.1016/j.plaphy.2013.11.020",24333683
11550437,12875987,"10.1016/j.neuron.2016.05.019",27292536
11353974,9903492,"10.1039/c6ob00844e",27270873
309312,151415,"10.1016/j.jconrel.2016.06.010",27276066
13367471,5031196,"10.1007/s12519-016-0039-5",27286692
7715057,2579579,"10.1016/j.carres.2015.07.003",26454166
2446652,2767720,"10.18632/oncotarget.18076",28915635
2446665,2918547,"10.1002/eji.201646861",28921509
2446728,2800476,"10.1016/j.ejphar.2017.09.023",28928088
11046393,7578683,"10.1021/acsami.8b00409",29648442
779222,4374732,"10.1016/j.critrevonc.2018.03.001",29650275
1623397,242334,"10.3389/fimmu.2018.00606",29670615
10073061,8300341,"10.1136/bmjresp-2017-000205",28883931
12890845,11155101,"10.1002/cphc.201800452",29992730
10183294,1042074,"10.1038/s41525-019-0078-7",30774981
10185610,13376610,"10.1371/journal.pone.0211550",30794571
3331521,7698021,"10.1080/09205063.2019.1603338",30943867
11108579,5494534,"10.1007/s00253-019-09722-1",30953122
10193587,4716218,"10.1038/s41416-019-0444-3",30956278
7344937,5814764,"10.1177/0363546517729152",29023156
12822800,4042996,"10.1093/pm/pnx210",29025166
5661750,4,"10.1038/nature07623",19122641
13331300,1947792,"10.1007/400_2008_27",19142621
13689360,4263073,"10.1016/j.ygyno.2017.01.027",28139261
2787125,3192559,"10.1016/s0950-3552(05)80464-x",8131316
789114,1971029,"10.3390/molecules23071714",30011859
10146712,3105249,"10.1073/pnas.1800996115",30012589
9234075,12972556,"10.5009/gnl18079",30037167
13991111,12545088,"10.3389/fpsyt.2020.563781",33363480
8505627,10540052,"10.1111/ctr.14209",33368539
5888777,8751946,"10.1016/j.ejrad.2020.109473",33373894
12145078,3693276,"10.1016/j.xpro.2020.100122",33377016
3002232,5421403,"10.1111/jgs.14283",27549073
11654360,9075277,"10.1016/j.nmd.2016.02.002",26948708
3485511,7109132,"10.1073/pnas.1600216113",26951681
1437227,5166599,"10.1016/j.jcpa.2015.10.181",26774560
479044,2212754,"10.1038/labinvest.2015.156",26779828
9715209,3247792,"10.2217/pgs.15.167",26780085
12965082,12163216,"10.1002/jor.24443",31424110
12930869,1930827,"10.1124/pr.117.013995",30814274
271572,2223987,"10.1038/226762a0",5443257
7442412,2306036,"10.1038/s41388-019-0757-y",30820040
10186694,7918579,"10.3390/molecules24050872",30823686
1646983,2698218,"10.1038/s41598-019-39560-0",30824765
4903279,12623614,"10.2527/jas1970.314713x",5455685
4181752,3336596,"10.1371/journal.pone.0221163",31442236
3298801,7209795,"10.1016/j.jaad.2017.10.007",29331386
7487729,11632200,"10.1002/mrm.27995",31633237
11102681,9890442,"10.1002/jcp.28430",30834527
5039300,8958087,"10.1021/acs.joc.0c00624",32453567
11961373,1553529,"10.4274/tjps.82473",32454646
10279895,6024554,"10.1111/1750-3841.15129",32460413
1616655,4424972,"10.1038/s41598-018-19548-y",29348598
4872308,4921382,"10.1089/hum.1994.5.7-853",7981310
5830987,4957118,"10.1007/s10147-018-1271-x",29574651
4988409,5556409,"10.1016/j.tim.2018.02.012",29580884
12872103,9946864,"10.1016/j.archoralbio.2018.03.006",29587133
5989647,9975031,"10.1016/s0968-0896(03)00348-1",12901912
585115,328670,"10.1002/aja.1002020204",7734731
13120080,1890491,"10.3390/antibiotics10060615",34063980
10374162,6621127,"10.3390/bioengineering8050069",34067727
8557283,8208654,"10.1111/cns.13696",34184402
5345047,1746963,"10.1002/1096-911x(20001201)35:6<603::aid-mpo24>3.0.co;2-1",11107127
6222300,7700344,"10.1016/s0005-2736(00)00303-5",11118538
2745850,11750434,"10.1093/nar/29.1.106",11125062
10479847,9312882,"10.1007/s11886-008-0014-4",18417005
354322,30,"10.1073/pnas.0800159105",18420815
8928697,7039054,"10.1016/s0046-8177(98)90036-3",9496820
11258685,11526612,"10.1016/j.heliyon.2021.e05934",33553728
8770618,591567,"10.1016/s0360-3016(02)02787-6",12062597
2449562,11573831,"10.2337/dbi17-0026",29061660
9861086,6048481,"10.1371/journal.pone.0093212",24675825
3484993,3524841,"10.1006/jmbi.1997.1295",9367743
1066636,2626129,"10.1007/s00394-010-0125-8",20652710
2924168,72,"10.1016/j.ccr.2011.01.018",21397862
4359443,10631825,"10.1111/j.1541-0420.2011.01581.x",21401569
10857644,13382563,"10.4061/2010/245715",21403822
2158794,11309221,"10.1126/science.1201224",21415316
7077996,12731527,"10.3389/fnsyn.2010.00025",21423511
4242907,1490975,"10.1007/s00281-011-0254-z",21424913
5698450,6264162,"10.1021/ja111304f",21425860
6760345,6900387,"10.1136/bjsports-2012-091907",23525553
4646285,12486438,"10.1007/s004150050385",10431773
4060224,12072566,"10.22203/ecm.v027a01",24425156
8531020,378257,"10.3390/biology10040272",33801596
7612779,8148779,"10.3390/life11030241",33804020
7614822,2341341,"10.3390/vaccines9030283",33808706
8514926,30,"10.3390/cells10020270",33572939
9429426,12973042,"10.3390/ijerph18031226",33573007
11529961,3789889,"10.1016/j.revmed.2011.09.018",22100197
1343169,456939,"10.1002/eji.201141832",22105417
704498,8143354,"10.7150/ijbs.7.1334",22110385
2209254,11299720,"10.1136/adc.2007.134205",18375611
12318807,3955144,"10.1042/bj1041075",6049858
8044298,6480170,"10.1007/978-1-60761-663-4_9",20217576
1364612,72,"10.1096/fj.09-149815",20219984
12522558,8043757,"10.1080/09674845.2015.11666804",26510264
13386064,10689953,"10.1016/j.socscimed.2015.10.038",26513122
6842948,216881,"10.1039/c5dt03756e",26541417
13737866,6299822,"10.1016/j.ijbiomac.2017.07.145",28751051
2442936,30,"10.1038/nsmb.3435",28771464
2477209,629223,"10.1021/acs.jproteome.8b00601",30295490
11987929,11941142,"10.4103/abr.abr_13_18",30310776
9198569,7860162,"10.18632/oncotarget.23428",29423102
2008069,6530797,"10.1093/nar/gkm154",17430966
5670474,6807467,"10.1016/j.juro.2007.01.001",17437846
13650056,6891473,"10.1089/10799900152434394",11506746
9479787,10352694,"10.1016/j.tiv.2014.09.016",25450741
12565271,10183506,"10.1016/j.virusres.2014.10.010",25451067
4660550,8757414,"10.1016/j.antiviral.2014.10.005",25453340
3291971,3191484,"10.1021/acsbiomaterials.7b00643",33445365
6290132,30,"10.1111/j.1460-9568.2009.06927.x",19735284
8849376,9257779,"10.1113/jphysiol.2009.180943",19736297
13358651,9135727,"10.1080/07420529309059719",8111868
4945376,8901523,"10.1093/oxfordjournals.annonc.a058400",8117610
5885756,3844404,"10.1111/1759-7714.13626",32869505
10304874,3070000,"10.3390/ijms21176310",32878186
4201246,8334411,"10.1111/jmi.12958",32885445
13242072,8440893,"10.1016/0003-2697(69)90395-9",5809666
3843334,1135232,"10.1111/j.1365-2958.1990.tb00710.x",1980711
2314065,5781961,"10.1073/pnas.0913357107",20308593
5277678,9094875,"10.1038/sj.hdy.6800135",12242639
387114,1690860,"10.1136/ard.40.1.1",7469518
1093198,4773021,"10.1046/j.1532-5415.2003.514844.x",14511182
1956943,771946,"10.1016/s0169-5002(03)00276-9",14512182
7890677,13160316,"10.1046/j.1423-0410.2003.00340.x",14516446
5404713,6219386,"10.1073/pnas.91.17.7952",8058740
14228791,11262051,"10.1210/endo.131.4.1396328",1396328
3108312,11991942,"10.1016/s0300-9572(01)00313-6",11382530
11393914,11362965,"10.1371/journal.pone.0114298",25478792
3538798,8313245,"10.1167/iovs.14-15885",25491294
13205268,12909731,"10.1007/s12328-014-0531-1",25491908
2150988,7454545,"10.1016/0014-4886(69)90037-5",5765000
550041,2994344,"10.1016/j.ajog.2004.01.034",15343237
1762308,72,"10.1186/1472-6750-4-21",15357872
13186068,12918377,"10.1002/jbm.b.30863",17497686
2253549,11030574,"10.1152/japplphysiol.90795.2008",19036891
3210957,820860,"10.1210/me.2008-0071",18974261
10486358,1184053,"10.1046/j.1524-4741.1999.98076.x",11348284
8698007,7441070,"10.1016/0022-3468(93)90497-9",8229603
6015401,5690155,"10.1371/journal.pone.0164943",27764165
8912892,5923889,"10.1186/s12859-016-1272-6",27770783
4228823,1591708,"10.18632/oncotarget.12798",27780921
13017034,10682411,"10.1111/jnc.15031",32319677
8442985,12230534,"10.3390/biomedicines8040093",32326020
5037167,8354308,"10.3390/genes11040424",32326537
9418494,2943026,"10.3389/fmicb.2020.615608",33391247
5889181,3984542,"10.1002/pld3.293",33392435
7171205,13128463,"10.1006/exnr.1997.6464",9217080
12101108,7598567,"10.1016/j.envres.2020.109520",32344208
10337680,8279515,"10.1371/journal.pone.0245025",33411780
194852,2452280,"10.1093/jac/dkt494",24370932
117592,880854,"10.1111/1751-2980.12126",24373620
698123,2240640,"10.3748/wjg.v19.i46.8619",24379579
2715356,11066362,"10.2337/diacare.29.01.06.dc05-0776",16373892
680974,2471044,"10.1142/s0219720005001557",16374907
3392147,7968282,"10.1097/01.alc.0000192039.21305.55",16385177
1693686,5823457,"10.1007/s00134-005-2854-3",16391949
8811139,5930918,"10.1097/01.qai.0000179456.39185.9b",16394856
13506498,7720906,"10.1111/j.1468-2982.2005.00985.x",16396663
6753632,6349033,"10.1080/08958370802492399",19645569
1860723,6554973,"10.1016/j.idc.2009.04.013",19665088
9863994,7504340,"10.1016/s0891-5849(96)00387-5",9013131
10806770,3546700,"10.1002/jnr.490110406",6748111
9491514,10844769,"10.1016/j.ijrobp.2004.06.210",15667970
8912656,5951117,"10.1016/j.bbamem.2004.11.008",15670734
9409117,2756780,"10.1021/acs.biochem.0c00666",33172261
13985038,11807975,"10.2337/dc20-1520",33184150
8495185,494682,"10.1016/j.lfs.2020.118765",33189820
2527500,3274154,"10.4161/jkst.25666",24470977
8581007,12794636,"10.1039/c3cc49821b",24473636
2789282,7058646,"10.1111/j.1524-4741.2007.00548.x",18248561
7203263,19429,"10.1016/j.tjog.2016.02.010",27125403
5937478,4281091,"10.1371/journal.ppat.1005593",27128676
1935103,2952995,"10.1016/j.lfs.2014.04.008",24742657
8583851,5287520,"10.1186/s12957-016-0893-6",27142166
8691088,7864250,"10.1517/17460441.2014.909403",24749518
9400100,11275954,"10.1055/a-1264-6804",33032346
11571740,11563240,"10.1016/0040-8166(79)90004-1",451994
1594891,2560321,"10.1002/jcb.26136",28513879
11230627,7968644,"10.1002/oby.22983",33043637
12146076,9053931,"10.1177/0961203320948959",33045900
11891343,10426611,"10.1016/j.bbrc.2017.05.083",28526408
9802403,970724,"10.1016/0167-0115(83)90291-4",6304820
14597743,9517022,"10.1128/jb.156.2.718-726.1983",6313615
1356254,2748310,"10.1016/j.chest.2016.06.018",27373769
12212809,5,"10.1007/s00412-021-00760-1",34128099
8554362,13333018,"10.1055/a-1509-8883",34139776
6195934,13187138,"10.1097/00002030-199602000-00006",8838704
2185801,5809591,"10.1016/0169-328x(96)00038-1",8840015
2244832,11571700,"10.1515/jbcpp.1995.6.3-4.271",8852272
5141358,1855293,"10.1590/s0004-28032005000100009",15976909
2659420,7165591,"10.1517/13543784.6.12.1853",15989586
4668386,7991098,"10.1016/0304-4165(91)90030-k",2043680
927188,5088932,"10.1139/o91-033",2054154
4187756,1174995,"10.15252/emmm.201910681",31793740
2985338,7154042,"10.1046/j.1365-2141.2000.01804.x",10651722
3459090,8481644,"10.1007/s002470050016",10663513
6654233,4237955,"10.3390/ijms18091868",28850071
10997418,10874550,"10.1371/journal.pone.0183898",28850578
5724061,41,"10.1099/vir.0.83168-0",18198392
11657947,11102658,"10.1007/s10350-007-9152-9",18204879
2663486,6047155,"10.1136/ard.2007.083915",18218664
5255189,9401034,"10.1161/01.res.65.6.1475",2582584
11215965,6667023,"10.1016/j.biopha.2020.110614",32935661
7564836,12578218,"10.1186/s12859-020-03647-7",32938360
9394678,5273896,"10.3390/biom10091321",32942674
1324108,478894,"10.1038/srep06247",25175808
912778,72,"10.1007/s00239-014-9643-y",25179144
1488448,5284458,"10.1021/es803682k",19544896
1421518,5196106,"10.1016/j.exppara.2009.06.010",19545567
5236717,5628938,"10.1007/s00234-010-0696-3",20422408
1540257,10750922,"10.3892/ijo_00000620",20428758
12473274,8062962,"10.1530/eje.1.01915",15941919
13562001,11414760,"10.1111/j.1528-1167.2005.30904.x",15946336
5636529,12905901,"10.1001/archderm.137.1.61",11176662
1149697,5218214,"10.1016/s1201-9712(00)90073-0",11179915
2284626,2914812,"10.1007/s00394-007-0647-x",17377830
6174340,4196008,"10.1634/stemcells.2006-0449",17379768
11837057,12865846,"10.1177/0363546507300256",17395958
14627616,13139241,"10.1126/science.176.4033.367",4554613
14562368,13017623,"10.4161/cc.6.13.4471",17603302
13558254,6329033,"10.1016/j.archger.2008.12.009",19185359
3523965,12207185,"10.1007/978-3-540-69379-6_2",19198569
1598368,5237412,"10.3389/fimmu.2017.00678",28694805
14620713,9826568,"10.1053/euhj.1999.1914",10901508
13364307,13111170,"10.1179/rer.2000.5.1.55",10905548
258141,2313315,"10.1152/physrev.00039.2003",15269337
5685551,12795942,"10.1046/j.1365-2133.2003.05097_9.x",12588405
2326956,6596029,"10.1021/bi027083b",12590573
3361993,5355114,"10.1155/2020/8925973",33204219
10459568,9313886,"10.4103/0378-6323.45104",19171985
6308528,4245263,"10.1104/pp.109.135277",19176716
8816373,2997500,"10.1136/archdischild-2013-304061",24925929
8814061,8946223,"10.1007/s00167-003-0363-x",12719798
1331026,10950556,"10.1111/jth.12634",24931322
7037859,2218728,"10.1007/s11103-012-9957-3",22933118
4266958,1541347,"10.1152/ajpgi.00030.2012",22936270
6920385,8145498,"10.1016/j.clineuro.2012.08.019",22944465
1878654,708907,"10.1016/j.atherosclerosis.2016.01.028",26854974
8164103,5253194,"10.1093/mutage/gev048",26152226
5214476,4054788,"10.4103/0974-1208.158588",26157295
7868313,11252646,"10.1148/radiol.15141412",25848900
6807819,2310657,"10.1016/0006-291x(86)90439-0",2941013
13307899,6343430,"10.1016/0049-3848(92)90085-o",1471074
12971208,1841997,"10.1016/j.envpol.2019.113227",31574393
852434,2578454,"10.1016/0378-1119(95)00196-d",7557447
4153593,4743346,"10.1007/s00422-018-0765-y",29955959
1072540,5769065,"10.1016/s0399-8320(07)78331-8",18166906
5389814,5648759,"10.1177/1074248407306217",18172227
8648350,11480459,"10.1111/j.1365-2796.2010.02233.x",20695974
8052168,2579624,"10.1016/j.cbi.2011.02.019",21352818
10958923,12652088,"10.1128/aem.31.6.875-879.1976",7196
3401428,7139828,"10.1074/jbc.271.35.21012",8702864
3201995,11631451,"10.1126/science.273.5280.1386",8703073
3471183,12029478,"10.1016/0300-483x(96)03385-9",8711746
10638278,3466379,"10.1016/j.bbalip.2016.03.011",26979760
2867567,7507515,"10.1016/j.tox.2008.04.012",18547707
5601491,12994415,"10.1093/eurheartj/ehn258",18559329
4750144,1419609,"10.1002/pmic.200700971",18563741
8786112,4628544,"10.1157/13121075",18570797
2856357,6937518,"10.1016/j.talanta.2017.01.052",28213264
10040476,10820487,"10.1093/genetics/114.3.955",3792825
3967259,12052368,"10.1111/j.1439-0450.1986.tb00078.x",3799101
9045044,2842753,"10.1016/0006-8993(87)91280-7",3690260
13021071,5620201,"10.1021/acs.jctc.0c00056",32392421
12035497,7587936,"10.1016/j.freeradbiomed.2019.06.001",31167117
2870814,7679817,"10.1093/ajcp/67.3.289",320863
6802946,5800224,"10.1007/s12032-014-0471-0",25579169
9775373,8633513,"10.1016/0002-9378(88)90593-5",3061302
1164118,10953757,"10.1016/j.brainres.2008.10.038",18996361
2340103,5354086,"10.1055/s-0028-1088332",19003727
7178701,9995090,"10.1517/14656560802521650",19006472
4487131,4879853,"10.1016/j.transproceed.2008.03.124",19010242
5987092,5703182,"10.1111/j.1349-7006.2008.00970.x",19018773
177397,741413,"10.1371/journal.pone.0051234",23240006
3190137,5423690,"10.1089/omi.2014.0125",25401749
9673866,3109540,"10.1016/0006-291x(80)91250-4",6249287
8212563,11245112,"10.1128/jb.144.3.877-883.1980",6254949
2793559,6932039,"10.1002/eji.201444878",25430805
76220,134395,"10.1016/j.tibtech.2011.05.002",21665301
607332,72,"10.1007/s00018-011-0744-0",21671118
3639744,72,"10.1093/humrep/det457",24435778
13337619,8077658,"10.1016/j.aca.2013.11.058",24439500
6965467,11844681,"10.3109/19401736.2015.1060450",27158791
3746009,8341967,"10.1016/s0022-2836(80)80007-6",7411603
1151098,30,"10.1016/j.semcdb.2004.09.001",15561587
7910281,2583777,"10.1016/j.micinf.2012.07.016",22884717
1353469,7394017,"10.1002/mnfr.201200091",22893520
10285823,13210730,"10.1016/j.jns.2020.116990",32593885
10284335,5412466,"10.1155/2020/4538602",32617107
1674768,507164,"10.1038/s41467-020-17151-2",32620802
1869850,6538132,"10.1016/j.dnarep.2008.03.015",18456575
1189024,10777276,"10.1016/j.bbi.2014.05.006",24858658
2856551,10600352,"10.1016/j.maturitas.2014.05.001",24880206
2599961,7170859,"10.1016/s1568-7864(02)00010-1",12509251
4350381,12501252,"10.1161/01.hyp.0000029241.33421.eb",12215476
3565104,8082346,"10.1007/s00347-002-0699-5",12219254
2142947,17,"10.1016/s0092-8674(02)00875-9",12230979
14305324,11849315,"10.1104/pp.106.3.1057",12232386
3572275,8179746,"10.1007/s00330-007-0581-6",17277947
14048760,8810927,"10.1016/j.bmcl.2021.128240",34217828
10238034,7084454,"10.1016/j.jacc.2019.09.040",31753201
5871264,10,"10.1038/s42003-019-0670-5",31754649
4187046,8335970,"10.1016/j.matbio.2019.11.002",31756413
12191727,6130834,"10.1016/j.heliyon.2021.e06657",33824915
11270686,10393657,"10.1210/endocr/bqab056",33693742
10346273,9843723,"10.26442/00403660.2020.12.200470",33720580
2906361,8952891,"10.1111/1469-0691.12032",23148445
11594011,3586203,"10.3109/02656736.2012.734425",23153218
9762842,13377755,"10.3390/md10102234",23170080
10487788,10124829,"10.1152/ajplung.00272.2012",23171502
7488833,8159238,"10.1080/00365513.2019.1683765",31651192
11148542,1363289,"10.3390/ijms20215296",31653062
10209307,12457373,"10.5489/cuaj.5825",31658012
1343764,6483369,"10.1016/j.neulet.2004.12.068",15843055
8785675,11018935,"10.1007/s00520-005-0821-8",15846522
10874158,3385188,"10.1016/0003-9861(58)90371-0",13618029
2109351,5933595,"10.1182/blood-2005-05-1814",16254142
7838216,2657127,"10.1016/j.atherosclerosis.2003.08.023",14644391
4809494,5533225,"10.1016/j.hep.2003.09.042",14647071
29083,10367269,"10.1007/s00424-003-1201-1",14648123
3550178,17,"10.1242/dev.00904",14660542
9839711,7921640,"10.1016/s0009-9260(66)80123-x",5903837
2263295,5283274,"10.1177/0961203315576858",25767071
6082776,9409637,"10.1007/s00122-014-2415-7",25504538
6496939,5694284,"10.1053/j.seminoncol.2006.08.004",17145524
1492912,6443904,"10.1021/jp0656779",17149913
9979833,9565305,"10.1021/la061774h",17154573
1048345,2633320,"10.1111/j.1365-2141.2006.06424.x",17156400
11367546,12877458,"10.1002/hed.20523",17163466
9059555,7037896,"10.1021/cb600328c",17168517
10218977,958871,"10.1242/dev.177410",31391196
9305155,5327785,"10.1111/myc.12984",31408548
7470798,4443184,"10.3892/etm.2019.7781",31410156
6248865,2100809,"10.1016/s0891-5849(00)00309-9",11035266
1858248,6821321,"10.1007/s002689900008",8588411
2611110,959550,"10.1002/prot.22312",19089941
9666065,10846155,"10.1016/j.juro.2008.10.053",19095264
5937729,5738941,"10.1073/pnas.0806164106",19098098
5131768,1667396,"10.1593/neo.81048",19107233
5120056,30,"10.1084/jem.20041240",15596524
12753408,4047276,"10.1212/01.wnl.0000145832.26051.3c",15596787
5253729,4074177,"10.1002/ijc.20779",15609329
1079076,5197609,"10.1074/jbc.270.44.26488",7592866
7626687,4378195,"10.1038/s41416-021-01399-6",33953347
3164632,7489991,"10.1021/acs.nanolett.5b01751",25984944
2175491,4571854,"10.1007/s10126-015-9638-8",25985744
11540910,1410237,"10.2196/resprot.4134",25998229
12923567,6765388,"10.1186/s13195-018-0463-y",30654834
6822372,12749298,"10.2337/dc15-1091",26294785
11094319,7945197,"10.1002/bmc.4488",30656732
13396539,9980596,"10.1016/j.pneurobio.2015.08.001",26296674
12426903,6801772,"10.1136/jnnp.56.7.832",8331366
8001306,4469155,"10.1111/j.1540-8183.1995.tb00924.x",10159763
9136215,10319774,"10.1016/j.jaip.2016.12.011",28283163
7811022,12603195,"10.1016/j.biomaterials.2014.04.002",24768046
6790952,7337198,"10.1016/j.arr.2014.03.007",24768742
10550729,9013450,"10.1016/0024-3205(84)90343-6",6088929
13968833,2009120,"10.1371/journal.pone.0238940",32915913
611506,2370928,"10.1016/0168-9525(89)90057-7",2547259
7663081,12398523,"10.1016/0006-8993(89)90230-8",2548674
1891624,11449282,"10.1002/1097-0142(19890915)64:6<1248::aid-cncr2820640614>3.0.co;2-5",2548699
7138821,9477672,"10.1155/2014/165690",24778896
9393756,6504262,"10.1007/978-1-0716-0806-7_4",32918728
9138625,7435267,"10.1371/journal.pone.0174107",28301600
1285960,2658939,"10.1002/yea.320111109",7502583
12538006,8437218,"10.1007/s10886-011-0050-1",22173888
13751765,12709910,"10.1016/j.jcis.2017.10.085",29096104
5288326,9173485,"10.1001/jama.290.8.1042",12941676
4393781,4888681,"10.1002/lary.22142",22183635
11003132,3454329,"10.1155/2017/8945310",29098161
8018111,6443105,"10.1111/j.1365-2141.2011.08982.x",22188140
768142,5178737,"10.1093/annonc/mdx716",29106448
9694974,3192884,"10.1016/j.aquatox.2016.10.005",27723571
1434033,10719380,"10.1038/clpt.2010.317",21270788
5117792,12930595,"10.1016/0304-3959(88)90138-8",3226757
6543503,9967729,"10.1021/jp212008a",22309026
8905449,12799025,"10.1111/j.1399-6576.2010.02375.x",21288218
8917347,8607608,"10.1159/000157127",3231589
9076600,5274805,"10.1089/jmf.2015.3509",26305853
6498155,13261329,"10.1097/00007890-199508270-00003",7652758
8740946,12442914,"10.1186/s13256-016-1144-8",27906107
5266601,9439502,"10.1111/jpi.12093",24117835
12318619,4063832,"10.1371/journal.pone.0104632",25115854
9450083,12807127,"10.1016/j.anai.2021.04.012",33848630
13466256,5095700,"10.1016/j.mcna.2016.01.004",27095643
4492200,12549062,"10.1080/07315724.1996.10718630",8951732
12180651,3806890,"10.1080/23723556.2021.1882286",33860086
963835,329153,"10.1177/1535370214547154",25125500
5351117,12923398,"10.1111/mec.12561",24128305
13109859,9381038,"10.1038/s41598-021-87257-0",33863923
12194562,10426592,"10.1016/j.ijbiomac.2021.04.082",33864871
5193578,30,"10.1016/s0898-6568(96)00088-5",8958442
2856524,7490822,"10.1111/j.1469-8137.1990.tb00530.x",33874104
1780880,2967435,"10.1016/0378-1119(90)90177-s",2169445
5631180,3846628,"10.1167/iovs.14-15680",26244290
194370,2249364,"10.18632/oncotarget.4537",26246474
6884078,9727024,"10.1016/j.brainres.2016.04.013",27106270
11686799,3593539,"10.1016/j.cub.2016.03.019",27115687
1693939,30,"10.1016/j.pnpbp.2016.04.011",27117821
11659498,3599501,"10.1111/j.1471-4159.1973.tb00281.x",4352516
2124316,2799773,"10.1111/1523-1747.ep12876194",2182719
8663978,8222582,"10.1177/1753425913503893",24137042
6803057,9183493,"10.5946/ce.2014.47.4.350",25133124
2691686,72,"10.1074/jbc.271.52.33598",8969228
4938737,8643812,"10.1128/jb.118.3.911-918.1974",4364332
725776,138255,"10.4049/jimmunol.1402654",26438525
11380905,1502027,"10.1016/0005-2787(74)90031-8",4368454
9939559,6009247,"10.1111/j.1365-2818.1977.tb00067.x",75977
6812468,11839013,"10.1016/j.jcis.2016.11.067",27923141
8154479,2692206,"10.1055/s-0033-1353165",24002896
9574513,9563014,"10.1016/s0140-6736(78)91266-7",78047
3267927,1004409,"10.1080/09273948.2016.1277247",28146368
3026571,5,"10.1101/gad.1267005",15630021
12790805,10180476,"10.1038/srep41840",28165490
5904574,9982040,"10.1186/s12916-016-0742-z",27927203
9355370,717810,"10.1016/j.ijbiomac.2020.04.048",32289420
13015543,4012243,"10.1038/s41598-020-61703-x",32300111
6123693,7284731,"10.1186/1756-9966-31-53",22655678
3676587,1343520,"10.1113/expphysiol.2012.066472",22660814
8856092,11019427,"10.1016/j.actatropica.2012.05.008",22664419
14631042,9762650,"10.1210/endo.135.5.7956913",7956913
11632479,4896230,"10.1016/0049-3848(94)90065-5",7974390
2230396,11628282,"10.1155/2013/951827",23762741
11603966,8705163,"10.1016/j.archoralbio.2013.03.019",23764368
11296777,10392780,"10.1002/smll.202100766",34110695
9941854,894880,"10.1007/s12265-009-9156-z",20560031
10845281,6650773,"10.1039/c4cc04719b",25097037
7081414,6362446,"10.1016/j.archoralbio.2014.07.003",25103542
3487817,30,"10.1073/pnas.1012051108",21173256
13062451,4039878,"10.1007/s00262-020-02763-w",33083905
11705678,12304536,"10.3390/ijms14023254",23385233
10318228,8971977,"10.3390/s20215984",33105752
7574987,8840945,"10.1002/cam4.3582",33107198
5488478,8406016,"10.1002/hep.26319",23401313
5887498,1668767,"10.1038/s41598-020-73747-0",33110100
4076090,30,"10.4049/jimmunol.169.4.1859",12165510
710587,30,"10.4049/jimmunol.169.4.2126",12165541
10527215,4760813,"10.1073/pnas.1203570109",22611191
4140166,12323798,"10.3390/foods7010004",29301243
11943690,12672802,"10.1016/j.bmcl.2017.12.055",29306572
774435,6354521,"10.1016/j.neuropharm.2018.01.003",29309769
4351486,6154061,"10.1002/yea.1432",17192853
9201800,5348607,"10.1371/journal.pone.0190978",29315336
12860733,9930058,"10.1089/jwh.2017.6500",29323627
6541846,13342382,"10.1021/jm0205245",12672254
1522263,4445202,"10.1152/ajprenal.00123.2002",12676733
4177916,3344086,"10.1038/s41588-019-0433-8",31209396
11124373,9594454,"10.1146/annurev-vision-091718-014917",31226011
5019875,4841784,"10.3748/wjg.v25.i22.2743",31235997
4567396,5555364,"10.1002/1097-4598(200101)24:1<127::aid-mus19>3.0.co;2-o",11150977
4678095,72,"10.1073/pnas.98.3.880",11158564
7742143,8898273,"10.1371/journal.pone.0029087",22216173
13435005,8466569,"10.1104/pp.48.4.407",16657809
6326671,9709442,"10.1016/0026-2862(88)90059-3",3285141
8861279,12081348,"10.1046/j.1365-4362.2001.01255.x",11703528
7036910,142432,"10.1053/jhin.2001.1073",11716631
1805904,11201143,"10.2337/diabetes.50.12.2682",11723050
1428445,72,"10.1111/j.1365-2249.1990.tb06448.x",2323098
10548037,13388151,"10.1016/0169-2607(94)90100-7",7924274
2965875,7001367,"10.1177/42.10.7930522",7930522
10368156,6582897,"10.1016/j.chembiol.2021.04.004",33910023
9454562,13356565,"10.21873/invivo.12436",33910861
7421166,9171721,"10.5021/ad.2018.30.6.694",33911509
9454325,4629479,"10.3390/microorganisms9050927",33925877
6535580,10705050,"10.1021/bi026901x",12549912
9481601,13077400,"10.2746/042516403775467333",12553470
14384580,12062199,"10.1093/oxfordjournals.jbchem.a021703",9354385
3515103,7159318,"10.1016/s0167-5699(97)01128-6",9357137
514856,10375102,"10.1177/1534735406294794",17101761
130395,10248830,"10.1098/rspb.2003.2651",15156925
12486752,6823612,"10.1080/22953337.1987.11719263",3434118
2601052,30,"10.1371/journal.pone.0006309",19617918
6956461,13116927,"10.1590/s0037-86822008000700003",19618068
8343762,11004228,"10.14440/jbm.2018.257",31453250
814632,1080468,"10.1155/2019/7165406",31467907
7479084,6381307,"10.1111/aji.13185",31479579
12517028,3969123,"10.1111/1751-7915.12072",23855427
6897005,2241121,"10.3109/08923973.2013.811597",23855487
10509946,1254098,"10.1111/adb.12077",23869743
9059051,6509698,"10.1021/bi4007176",23879692
8382371,12423153,"10.1111/ijcp.13389",31264310
10806601,1202821,"10.1002/chem.201603537",27727476
8993339,8941042,"10.1038/jhh.2016.75",27734826
2228707,2896635,"10.3390/md11030830",23481679
11730501,11118768,"10.1111/j.1747-4949.2012.00911.x",23489670
3676366,3300500,"10.1186/1471-2164-14-169",23497009
6842342,11640780,"10.1186/1471-2180-11-211",21943062
11328075,4899111,"10.1007/s10165-011-0522-8",21960457
1830796,2872828,"10.1007/s00018-011-0843-y",21964928
1449365,2483906,"10.1186/1471-2164-13-145",22530989
5050278,9449263,"10.1002/pon.3085",22544488
3275648,958607,"10.7717/peerj.3247",28480140
12183047,9057215,"10.1111/sms.13947",33655660
13560730,9694221,"10.1107/s0907444999004977",10393302
1030789,4992733,"10.1016/s1079-2104(99)70160-5",10397657
4455354,6176028,"10.1111/j.1365-2141.1992.tb06396.x",1311194
8946035,2833584,"10.1016/0006-2952(96)00300-0",8781499
8975356,5314501,"10.1002/mrd.10112",11891929
8455030,452606,"10.1016/j.jceh.2020.06.002",32837095
4683174,3651089,"10.1016/s0014-5793(97)00652-2",9237663
4948959,12444773,"10.1148/radiology.204.2.9240511",9240511
527428,30,"10.1083/jcb.200109005",11901164
11372640,10905272,"10.1159/000054456",10420090
3727951,1182969,"10.1128/jvi.76.8.4034-4043.2002",11907242
6421374,9122370,"10.1016/s0304-3940(01)02529-0",11911988
7927331,10988954,"10.1016/j.neuroscience.2008.09.042",18952152
10733528,1197308,"10.1007/s11010-008-9975-2",19083155
12490868,6787100,"10.1016/j.hrthm.2008.09.003",19084808
12002951,8720648,"10.1002/hed.25457",30548892
1641537,406488,"10.1016/j.bbi.2018.12.003",30550933
2440193,3000434,"10.18632/oncotarget.18812",28968997
1247077,2497669,"10.1002/sim.3841",20087875
3288677,4650670,"10.3389/fphar.2017.00653",28974930
9979421,6032087,"10.1021/jp9107014",20092268
11909531,7185534,"10.18632/oncotarget.20213",28978154
9223111,7452204,"10.1016/j.alit.2018.03.005",29779833
7392917,4453999,"10.1016/j.repc.2017.09.023",29779951
10790648,11537075,"10.1006/viro.1996.0358",8661420
6847587,70345,"10.1006/jaut.1996.0061",8864819
2049525,11568683,"10.1016/0042-6822(68)90301-2",4871003
5928871,9136147,"10.1007/s00280-009-1004-y",19396599
6713723,5030319,"10.1016/j.semnephrol.2019.10.006",31836039
11131958,9308810,"10.3390/e21080729",33267443
11236871,6098050,"10.1111/jne.12917",33270945
7583239,11654901,"10.1016/j.watres.2020.116674",33279831
7579924,10501365,"10.3389/fchem.2020.589503",33282832
9414527,10812814,"10.1016/j.jviromet.2020.114035",33285190
391913,10258223,"10.1016/0006-291x(77)90738-0",829217
6747757,2449347,"10.1016/j.biortech.2016.12.117",28081525
2846700,10571936,"10.1039/b500536a",15877137
2838015,8983685,"10.1152/japplphysiol.00110.2005",15879168
824792,6366268,"10.3390/genes11020116",31973021
2784478,3153571,"10.1038/oby.2005.72",15897472
11512935,10637923,"10.1086/512626",17326016
8661894,11691355,"10.4103/1947-2714.159337",26199924
250557,2243837,"10.1165/ajrcmb.17.2.2750",9271307
6537000,30,"10.1021/bi963138w",9283088
9762662,969842,"10.1093/glycob/cwv053",26220543
921983,6457776,"10.1016/j.atherosclerosis.2010.08.052",20850747
1145702,2699988,"10.1073/pnas.92.6.2360",7892271
6497390,4198710,"10.1016/j.tim.2016.07.005",27491885
4376605,6724773,"10.1016/s0168-9525(00)88973-8",7900188
1032778,4636985,"10.1159/000080477",15467315
5440294,1738167,"10.1186/s13071-016-1726-8",27515662
10462356,1284539,"10.3389/fnsyn.2016.00020",27516738
13327153,9970407,"10.1016/j.bmcl.2016.06.016",27324977
12379269,9395078,"10.1073/pnas.1601309113",27330114
9970539,3180800,"10.1021/acs.est.6b00868",27333443
4644046,1637838,"10.1016/j.semnephrol.2016.03.002",27339380
7280576,4441958,"10.4238/vol10-3gmr1045",21863564
12269344,6218021,"10.1016/j.parint.2011.08.009",21871581
3390706,3434839,"10.1002/(sici)1098-1136(200004)30:2<154::aid-glia5>3.0.co;2-s",10719357
3160340,11755604,"10.1017/s0033291799001373",10722174
4165774,6089297,"10.1016/j.nut.2018.12.001",30870804
11584327,1655865,"10.3389/fncel.2014.00257",25249934
2277562,8243450,"10.1038/281447a0",386132
3509577,8311690,"10.1016/j.jaad.2014.08.038",25264237
8603563,8944583,"10.1016/j.jemermed.2008.02.063",18922663
3327948,4727691,"10.1080/21645515.2018.1553593",30735087
7438382,2344402,"10.1016/j.phrs.2019.02.006",30735803
4848487,4910261,"10.1021/am500761x",24712914
5462499,3951347,"10.1002/hep.21071",16496349
4333882,9073590,"10.6061/clinics/2015(04)06",26017791
144856,817617,"10.1016/j.marenvres.2015.05.010",26026240
7068588,8118887,"10.1038/srep10754",26030749
1539130,9504424,"10.3748/wjg.v21.i20.6194",26034354
473465,72,"10.1091/mbc.3.3.275",1627830
4601593,12538206,"10.1007/s11938-001-0010-x",11560792
3481538,7971190,"10.1002/ana.410310312",1637137
6533601,13246229,"10.1021/bi00144a018",1637813
9647361,7073613,"10.1111/j.2042-7158.2012.01483.x",22571269
6342903,7716559,"10.1038/hr.2012.60",22573202
13792770,2179726,"10.1016/j.jgo.2018.03.020",29673806
13793388,12191674,"10.1111/jmi.12705",29676794
3307379,3116134,"10.1002/1878-0261.12313",29698587
419091,5170070,"10.1016/j.ajkd.2003.07.020",14582046
4976136,1401444,"10.1016/j.celrep.2017.10.040",29117557
5735050,8433863,"10.1203/00006450-199906000-00004",10367769
6096749,5,"10.1093/hmg/ddq362",20798109
12418413,4945621,"10.1111/j.1651-2227.1994.tb13058.x",8193510
11702064,11549191,"10.1016/0959-4388(93)90057-6",8219723
12248940,11587785,"10.1155/2012/265306",22852082
197504,2659386,"10.1016/s0269-7491(99)00237-7",15092911
5944920,7291180,"10.1016/j.bios.2003.12.014",15093227
14458842,12616067,"10.1021/jf026088c",12696948
3166644,11635332,"10.1021/bi00328a019",3924097
12680989,9404449,"10.1007/s10616-015-9857-x",25698160
1259768,481281,"10.1016/j.ajhg.2015.01.010",25704603
6350398,6304214,"10.1016/j.pneurobio.2006.02.006",16759785
4054774,7953057,"10.1301/nr.may.s12-s18",16770948
10604064,6689811,"10.1111/j.1442-2042.2006.01360.x",16771731
6359484,2049187,"10.1385/bter:113:1:93",17114818
9080784,601588,"10.1099/00207713-43-3-610",8347519
11558451,3639174,"10.1016/0736-5748(93)90009-3",8356904
1155124,331086,"10.1161/01.res.73.4.689",8370123
13002862,4929293,"10.1016/j.acuro.2019.09.001",32081443
1800529,7481540,"10.1093/ecco-jcc/jjv237",26744440
13917104,2184079,"10.1016/j.scitotenv.2020.137218",32092803
13004742,10450980,"10.1136/rmdopen-2019-001117",32094304
5006243,3569049,"10.3390/v10110656",30469324
336720,2266487,"10.1113/expphysiol.2009.050682",19946030
8960414,12252753,"10.1007/s00894-014-2159-y",24573500
11805130,1456209,"10.1021/es404359v",24579825
10090467,996549,"10.3389/fmicb.2017.02041",29403441
11949687,10654877,"10.1007/s12094-018-1837-0",29404838
9206390,8598100,"10.1111/jir.12472",29417652
361079,10386679,"10.1016/j.taap.2008.12.027",19344669
5512692,9684223,"10.1177/1040638711404155",21908288
457654,1198692,"10.1111/j.1439-0507.2010.01936.x",21910757
7060391,7335482,"10.1007/s12020-010-9318-4",20960157
549126,2424755,"10.1152/jn.00625.2010",20962070
14471532,8554852,"10.1210/jcem-43-5-1047",993311
11274631,3375591,"10.1126/scitranslmed.abe0357",33762433
12189166,4903854,"10.1186/s40729-021-00304-3",33763742
317373,72,"10.1146/annurev.cellbio.22.010605.093554",17539753
5938397,4365560,"10.1067/mai.2003.1513",12789237
374347,1867165,"10.1016/0006-2952(88)90499-6",3128297
3830556,6633124,"10.1097/00005537-200305000-00008",12792315
6507921,13166868,"10.4103/0378-6323.32708",17558045
3927461,8374150,"10.1100/tsw.2003.22",12806113
10582281,13021786,"10.1016/j.jaad.2012.01.026",25037797
2749039,7399241,"10.1038/sj.eye.6700492",14528245
1156419,45,"10.1038/nn1135",14555951
11488780,3677024,"10.1016/j.jjcc.2012.10.003",23182943
4819372,8657381,"10.1007/s00415-012-6770-5",23196337
388859,6374571,"10.1016/j.nbt.2012.11.009",23201072
13521717,5018943,"10.1038/nri2839",21080598
11050693,7120994,"10.1016/j.gene.2018.04.082",29738836
5407296,1806158,"10.1093/eurheartj/ehq374",21081550
8303568,5866470,"10.3389/fmicb.2018.00788",29740418
11596319,8375755,"10.1016/j.ultsonch.2012.11.006",23207057
8526137,2547753,"10.3389/fncel.2021.602897",33776650
10465403,7136445,"10.1007/s13181-015-0478-8",25907836
12299900,1865045,"10.1016/0022-2828(92)91045-7",1325565
2023370,5783870,"10.1016/j.prostaglandins.2010.11.001",21095237
1439654,4424001,"10.1111/j.1399-5618.2006.00299.x",16696828
6355393,4,"10.1038/ni.1963",21102435
151878,200577,"10.1002/ppul.20427",16703577
5538383,11155977,"10.1016/s0091-3057(96)00236-5",9077570
3550594,4778314,"10.1016/s0889-8588(05)70420-2",9081209
1055490,5723609,"10.1016/j.envpol.2006.03.041",16714077
11719917,3644363,"10.1016/s0929-7855(96)00566-4",9101421
10625478,8339843,"10.1016/j.brainres.2016.02.036",26923163
10667997,3477041,"10.1016/0378-4347(88)80058-6",3243816
1472624,250202,"10.1371/journal.pone.0016289",21305009
9832352,909749,"10.1016/0006-2952(88)90541-2",3259880
632433,5841217,"10.1016/j.idc.2010.11.010",21316002
465500,72,"10.2337/diabetes.53.4.899",15047604
9261543,11258557,"10.5114/biolsport.2018.78900",30899134
11357596,11944921,"10.1016/j.foodchem.2014.07.139",25236231
7829026,6429398,"10.1016/j.jns.2004.01.005",15050449
636555,3256878,"10.1093/bioinformatics/bth203",15073001
9285478,2794368,"10.1093/bioinformatics/btz369",31510706
6772585,7330909,"10.1016/j.metabol.2007.07.014",17998024
9667165,954360,"10.1111/j.1600-0501.2011.02346.x",22151621
530656,390475,"10.1016/j.pbi.2008.06.014",18774332
10558457,7536763,"10.1111/j.1365-2141.1990.tb07897.x",1709808
9844157,5984730,"10.1016/0167-4781(83)90007-6",6225463
5606625,4003020,"10.1002/elps.1150121110",1724422
13829954,13297402,"10.1186/s12884-018-2082-9",30453908
2479279,2786221,"10.3389/fnmol.2018.00401",30459553
6155280,13333788,"10.1136/jnnp.70.4.500",11254774
369818,382620,"10.1093/nar/5.11.4215",364423
2608300,8952332,"10.1038/sj.leu.2404117",16437140
14621410,13160779,"10.1055/s-2005-872911",16450309
109344,3682462,"10.1002/ar.a.20312",16463373
4167887,7927792,"10.4103/sajc.sajc_52_18",30766857
13844631,13102152,"10.1016/j.brainres.2019.02.013",30771318
3767437,72,"10.1002/jcb.22167",19415687
5704611,4074076,"10.1021/np800760p",19422205
4566955,4920643,"10.1016/j.bbrc.2009.05.015",19427829
501784,194555,"10.1073/pnas.0813396106",19435843
11850356,11770845,"10.3748/wjg.15.2245",19437565
3164265,939399,"10.1021/acs.jctc.5b00095",26574431
5536455,3931370,"10.1016/j.jpedsurg.2015.10.006",26577908
4560393,12428490,"10.1088/1752-7155/9/4/047104",26582819
1239908,5,"10.1007/s13277-015-4445-4",26586396
2437941,6435705,"10.1038/s41598-017-02434-4",28623346
5802373,3870135,"10.1016/j.jgg.2017.03.006",28642062
2809600,72,"10.1016/j.yjmcc.2010.10.033",21059352
1730594,30,"10.1242/dev.017913",18305007
2657796,1021453,"10.1038/ki.2008.33",18305465
5494304,8752341,"10.1093/gerona/63.2.122",18314445
8457880,10759831,"10.1021/acs.accounts.0c00150",32567830
8457866,6972893,"10.1021/acs.biochem.0c00394",32567852
8528508,4514179,"10.1371/journal.pone.0245075",33735188
2836484,11704821,"10.1164/ajrccm.159.5.9805086",10228120
699422,497327,"10.3892/mmr.2011.511",21687947
12858897,8428937,"10.1016/j.ab.2017.12.030",29289485
8388914,11673185,"10.1007/s10661-019-7711-x",31378832
11133367,10376419,"10.1016/j.jsbmb.2019.105440",31386890
12048570,1559989,"10.1007/s42770-019-00121-2",31388938
8321194,6452757,"10.1177/0300060518789040",30088429
13119593,7227614,"10.1007/s00210-021-02103-4",34014349
7741271,10995336,"10.1016/j.colsurfb.2010.03.018",20399627
5228142,12764411,"10.1093/nar/9.21.5521",6273796
3677540,12081430,"10.1002/prca.201190031",21618704
8562936,2888031,"10.1016/0006-8993(82)90687-4",6295551
11306124,69,"10.1016/j.pharmthera.2021.107960",34273412
11312247,3694032,"10.1111/j.1471-4159.1976.tb01570.x",956826
9708832,9299116,"10.1002/jez.1401980209",978170
5882131,72,"10.1007/s10637-020-00955-w",32488569
10282012,10108391,"10.17235/reed.2020.6763/2019",32496120
3677365,9885702,"10.1016/j.micpath.2011.02.010",21377521
7714166,2620959,"10.1016/0304-3940(93)90362-o",8309617
12240435,9661970,"10.1016/j.taap.2013.04.012",23628427
12704245,3926946,"10.1016/s0022-1759(02)00230-2",12379358
9757154,9278082,"10.1016/j.biopha.2016.09.038",27662474
12246632,9375936,"10.1007/s00383-016-3967-1",27663689
4497865,11122417,"10.1046/j.1365-4362.2002.01610.x",12390190
3113449,5,"10.1083/jcb.200806156",19221196
7143601,2440731,"10.1186/s13073-016-0358-0",27686127
6327650,13387150,"10.1038/srep34599",27687573
1921252,5353455,"10.1080/01635580802455149",19235038
4592505,17,"10.1083/jcb.115.5.1437",1955484
4205895,3525966,"10.1007/s11010-021-04120-6",33687588
11970890,1531625,"10.1111/iep.12271",29893028
9662354,3203461,"10.1016/0929-693x(96)86070-2",8796045
11874986,7211818,"10.1179/joc.1998.10.2.187",9603655
10384662,3145874,"10.1242/jcs.258568",34155518
9447915,7031896,"10.1093/ajcp/aqab077",34160018
8556886,5192169,"10.1002/ehf2.13458",34173728
10663206,1365479,"10.1016/j.math.2012.02.010",22421186
3248804,3241059,"10.2174/1389202915666141024212506",25598697
10229049,1049241,"10.1016/j.chemosphere.2019.125037",31683436
3859459,7541731,"10.1007/s12016-007-8025-2",18270861
10198844,9563701,"10.1093/jnen/nlz032",31058280
10196327,6555499,"10.3892/mmr.2019.10178",31059037
7454160,5789527,"10.1016/j.bmc.2019.05.003",31079964
7752194,12219792,"10.1177/0284185116649795",27235451
11373069,10657955,"10.1111/iju.13126",27250822
299831,10426756,"10.1038/nnano.2010.83",20581832
2187195,11273582,"10.1007/s00063-010-1076-9",20582505
3914038,8307568,"10.2217/whe.10.39",20597619
49849,2336878,"10.1529/biophysj.107.112664",18024507
12746414,1830206,"10.1111/j.1365-3083.2007.02037.x",18028289
7278032,6414148,"10.3904/kjim.2004.19.4.213",15683109
3125362,12268185,"10.1016/j.jhep.2004.11.019",15710217
2982524,7014638,"10.1007/s000180050291",10188588
13689704,4115434,"10.1152/jappl.1999.86.4.1410",10194230
5116376,9456217,"10.1177/019262339902700202",10207979
1989541,5960210,"10.1002/ecy.1573",27870040
3144747,8620919,"10.1093/nar/gkw1037",27899583
4532008,72,"10.1111/bcp.12198",23802624
102,24360,"10.1002/cyto.a.22313",23818229
420228,8120775,"10.1006/geno.1996.4493",9119370
12751822,9382643,"10.1177/154405910408300705",15218042
1384396,5498765,"10.1016/b978-0-12-152818-8.50019-0",6168431
1928230,30,"10.1002/art.1780250407",6176248
618060,101924,"10.1073/pnas.83.6.1665",3456608
7653049,10025398,"10.1007/978-1-4684-5110-8_22",3458459
1341111,4729833,"10.1007/s001250050049",10768092
3517122,3504215,"10.1111/j.1749-6632.2009.04996.x",19845632
9111992,11027969,"10.5507/bp.2009.036",19851435
2735476,7534054,"10.1016/j.jadohealth.2009.02.013",19766943
2819604,7552679,"10.1016/s0002-9610(05)80307-1",2382774
14623737,9771107,"10.1093/hmg/3.1.93",8162059
1563814,5508381,"10.1016/s0022-5347(17)39546-0",2388321
5491192,12782959,"10.1159/000234837",6874096
371155,10519310,"10.1016/j.molbiopara.2004.12.015",15760662
13872879,5040287,"10.3389/fbioe.2019.00152",31334226
13652313,6277051,"10.1089/ten.2006.12.939",16674305
3433014,1103141,"10.1016/j.febslet.2005.02.006",15763555
7143364,7324783,"10.1186/cc3484",15774067
12046062,8393713,"10.3390/ijms20153620",31344881
11859882,3609741,"10.1177/153537020122601008",11682699
4386148,1414946,"10.1242/dev.02405",16687444
1836644,722884,"10.1006/taap.1999.8770",10544058
10922429,3562885,"10.1177/00220345850640080301",2410468
6183304,6883851,"10.1016/s0928-0987(02)00030-1",12036721
5964449,13353811,"10.1073/pnas.96.23.13159",10557290
9603626,11512094,"10.1006/nimg.2000.0637",10988036
1844375,8946944,"10.1016/s0198-8859(02)00399-3",12039524
14163487,4584235,"10.1242/dev.126.24.5581",10572035
7823474,8180745,"10.1016/0027-5107(85)90205-2",2982092
4403960,8662766,"10.1111/j.1439-0450.1998.tb00808.x",9780826
11200181,11341139,"10.1186/s12883-020-01811-3",32534583
9370278,2855951,"10.1007/s00284-020-02087-z",32535648
12116491,1623679,"10.1080/10503307.2020.1780510",32552478
13122866,8021450,"10.1128/mcb.11.9.4297-4305.1991",1831536
14054355,795127,"10.1021/bi00221a038",1847081
6783694,6897440,"10.1016/j.bpj.2016.10.034",28002744
5734395,7242797,"10.1182/blood-2016-02-697185",28003273
21040,2347024,"10.1093/annonc/mdg292",12853352
3551310,3492745,"10.1007/s00011-016-1017-z",28013342
177289,530585,"10.1186/1472-6882-13-101",23663985
7956095,4471655,"10.1016/s0076-6879(97)77014-9",18488312
2945003,4666207,"10.1371/journal.pone.0002212",18493593
2833881,4731651,"10.1371/journal.pone.0002239",18493598
14189889,11142718,"10.1093/ajcn/45.6.1451",3591723
13320238,4185290,"10.1016/j.ympev.2008.04.007",18501641
6940132,2380179,"10.1258/000456303766477002",12880537
12887558,9400860,"10.1590/s0102-865020180050000005",29924207
12887885,10675425,"10.1371/journal.pone.0198920",29927965
3848260,7572229,"10.1007/s12264-007-0046-6",17952141
4466338,10640836,"10.1111/j.1468-3083.2007.02260.x",17958837
13446884,10943870,"10.1016/j.ccc.2007.06.005",17964366
3256807,7219487,"10.1128/jb.91.3.1224-1229.1966",5929753
11323747,13041332,"10.1111/j.1469-7580.2010.01265.x",20629983
2277176,2823216,"10.1104/pp.103.029363",14630960
6645761,5692550,"10.1016/j.visres.2017.05.001",28539261
7467996,110113,"10.3390/v11070602",31277203
1655320,5248613,"10.1186/s12974-019-1524-2",31288837
12855399,4040089,"10.1007/978-981-10-6038-0_8",29218557
1874361,718010,"10.1155/2010/850320",20168981
1123879,17,"10.1016/j.tibs.2010.01.002",20181483
3395796,9010677,"10.1016/j.cyto.2010.01.004",20185331
2515640,4583551,"10.1038/s41467-020-17128-1",32651359
11322838,10411400,"10.1016/s0006-8993(00)02289-7",10825504
1956048,10071050,"10.1111/j.1749-6632.1999.tb07786.x",10842653
4242980,1455891,"10.1089/ars.2010.3511",21235400
5137536,3913293,"10.1159/000321212",21252565
5362409,5659024,"10.1152/ajplung.00118.2010",21257730
8486846,4480176,"10.1089/jmf.2020.4755",33052744
12146295,7597339,"10.3390/v12101155",33053905
12142066,8013971,"10.1155/2020/9729814",33062328
7572324,2315708,"10.1016/j.mito.2020.10.003",33069910
4202700,1250013,"10.1371/journal.ppat.1008945",33079954
615044,2338961,"10.1155/2015/972083",26612996
4509155,7169355,"10.1007/s10753-008-9069-z",18536984
3099914,7044383,"10.1242/dev.017038",18539926
10138039,884480,"10.1063/1.5027444",30134720
5840881,6787188,"10.1093/rheumatology/key262",30137641
11981486,3619376,"10.1016/j.biortech.2018.08.044",30138874
6382830,8087526,"10.1016/j.media.2012.09.002",23084504
13223201,5730580,"10.1002/chem.201201437",23111823
5129244,9641024,"10.1038/sj.bjp.0703010",10694204
5559647,1791960,"10.1111/j.1364-3703.2009.00548.x",19523108
3483934,6670481,"10.1007/s00281-009-0170-7",19533129
13482564,7691765,"10.1111/j.1749-6632.2009.04525.x",19538261
3332279,7694149,"10.1016/j.envint.2019.04.001",30991221
13953841,5012672,"10.1021/acs.jmedchem.0c00988",32667798
3332550,835983,"10.3390/cancers11040553",31003401
4588947,1454782,"10.1073/pnas.79.19.5753",6985267
12597225,5648388,"10.1006/abio.2000.4532",10790303
13493669,12719996,"10.1161/01.atv.20.5.1199",10807733
2982010,7047824,"10.1136/jech.54.5.361",10814657
1621499,2504454,"10.3390/genes9030162",29534051
1621459,5197962,"10.1038/s41419-018-0441-0",29540819
7553987,2455227,"10.1016/j.jcis.2020.07.145",32818676
7544774,13084648,"10.1016/j.chaos.2020.110027",32834591
2897613,3241143,"10.1016/0014-5793(78)80572-9",564290
1901532,6518893,"10.1002/jbmr.1962",23609180
6555551,30,"10.1089/cbr.2012.1389",23621126
12883078,10442091,"10.1063/1.5030629",29861810
12270363,1662290,"10.1016/0005-2760(84)90070-5",6477943
6568955,9736976,"10.1126/science.278.5344.1728",9411792
790832,2243858,"10.1038/s41598-018-30500-y",30104659
2105788,7456343,"10.1016/s0079-6123(08)62131-7",10737051
6021094,9779422,"10.1053/ejso.1999.0752",10744926
6682809,8789032,"10.1016/j.fsi.2018.08.041",30130657
8066871,9223169,"10.1007/s00221-005-0158-z",16292641
7458716,5820150,"10.1111/jce.13997",31115948
7458930,8488833,"10.1021/acs.jnatprod.8b00723",31117519
13864061,4159668,"10.1021/acs.jpclett.9b01106",31117686
7458895,177275,"10.1038/s41429-019-0191-y",31118480
3710275,8374184,"10.1093/protein/10.12.1445",9543006
3804591,3434098,"10.1074/jbc.273.19.11583",9565575
1583093,5068405,"10.1093/jn/127.10.2011",9311959
3456186,3394032,"10.1186/1471-2407-6-12",16412233
3657558,12170833,"10.1038/oby.2005.257",16421340
1457860,4525157,"10.1016/j.canlet.2005.11.038",16427184
3536064,1248805,"10.1124/mol.105.018671",16434614
4203689,72,"10.12688/f1000research.27393.3",33447385
14034372,9135711,"10.1002/cam4.3966",33987959
10373789,9556533,"10.1111/1751-7915.13823",33993638
9774227,11512434,"10.1007/s00415-015-7661-3",25663413
494191,7357277,"10.1038/modpathol.2015.6",25676555
12753639,11385819,"10.1212/wnl.46.2.368",8614496
2328153,6465928,"10.1021/bi952737k",8620004
3105455,3265782,"10.1006/jmbi.1996.0142",8632463
6028088,30,"10.1074/jbc.271.12.7079",8636141
10689071,1257456,"10.1007/s11095-005-7095-1",16180135
3666375,7853386,"10.1016/j.brainresbull.2005.08.001",16182942
3868743,8319698,"10.1078/0944-2006-00034",16351843
7991099,529449,"10.1152/ajpregu.00247.2011",21832209
1176835,10769741,"10.1111/jgh.12557",24548002
13409105,2147205,"10.3389/fmicb.2014.00018",24550891
10904148,7555500,"10.1088/0031-9155/26/6/007",7323146
2094753,6198172,"10.1677/jme.0.0160001",8672228
5587353,3939963,"10.1016/0014-5793(96)00496-6",8674539
1136349,10843514,"10.1016/0303-7207(95)03647-p",8674835
13400011,4289596,"10.1111/jphp.12073",23738736
7940684,5217015,"10.1016/j.coph.2013.05.010",23742923
694075,2270593,"10.2174/09298673113209990027",23745549
8095136,4469781,"10.1016/j.scitotenv.2010.04.031",20452645
8978648,10324292,"10.1016/j.bmcl.2010.04.051",20462756
9694299,11301374,"10.1007/s11934-010-0119-3",20467843
5362015,1706974,"10.1002/jobm.200900292",20473956
5504222,8776021,"10.1016/j.nmd.2012.10.025",23313020
13669631,2097682,"10.1210/jc.2012-3683",23322815
10650962,10392688,"10.1093/aje/kws423",23324333
2770629,30,"10.1016/j.immuni.2012.09.007",23041064
4874267,10167423,"10.1089/vbz.2012.1125",23930975
8881046,7875948,"10.1111/j.1399-0004.1985.tb00377.x",4042399
7394301,2242380,"10.1007/s10753-018-0808-5",29804189
6676982,6834444,"10.1038/s41588-018-0134-8",29808031
5721606,12966541,"10.1099/0022-1317-45-2-397",232130
4621138,3775494,"10.1016/0021-9150(76)90119-2",233765
1265300,7393534,"10.1517/14740338.7.2.107",18324874
13528502,11613208,"10.1073/pnas.1416679112",25941377
892237,314920,"10.1007/s11427-015-4861-0",25951933
2339876,2781057,"10.1051/medsci/2008243270",18334175
3959421,7892694,"10.1038/bmt.2015.81",25961768
1358283,2644568,"10.3390/ijms160510376",25961948
2728190,3292386,"10.1371/journal.pone.0034645",22485183
12300424,4081589,"10.1016/j.jss.2012.03.011",22487386
13169809,11821764,"10.1016/j.jmii.2012.01.006",22503798
14355330,7190936,"10.1128/iai.26.2.542-546.1979",546786
10990701,10134566,"10.1039/c7cc04382a",28726874
9150480,13358727,"10.1016/j.talanta.2017.06.001",28738569
12043680,10631421,"10.1007/s00251-019-01124-x",31297569
1655170,4537467,"10.2174/1381612825666190705192902",31298157
11130579,10143301,"10.1186/s12940-019-0505-3",31324194
3328388,72,"10.1016/j.bpg.2019.02.005",31327400
8986454,581205,"10.1016/0005-2736(86)90219-1",3089278
14469606,9124626,"10.1210/edrv-6-4-512",3000755
2017684,2938649,"10.1111/j.1471-4159.1986.tb00636.x",3005509
181836,6393742,"10.1677/joe.0.1560253",9518870
5337908,9210832,"10.1002/aja.1001560117",517449
1750831,11511282,"10.1159/000006767",9524013
8248402,7805121,"10.1016/j.micpath.2017.08.001",28780324
9165067,12241443,"10.1111/nmo.13184",28799195
9091844,13183039,"10.1176/ajp.155.5.698",9585727
10548523,10601393,"10.1074/jbc.274.12.7929",10075688
4261074,7615221,"10.1067/mge.2001.119217",11726850
11657345,5535105,"10.1006/expr.2001.4644",11748966
3602657,12066524,"10.1136/oem.60.3.212",12598670
6453823,109,"10.1371/journal.pone.0074855",24086385
4797880,1499650,"10.1053/j.jvca.2013.06.010",24090800
7342725,11434268,"10.1371/journal.pone.0185103",28953922
1382312,5238758,"10.1002/bab.1102",24033593
6780128,10494297,"10.2169/internalmedicine.52.0190",24042526
11422010,3602868,"10.1016/j.athoracsur.2009.10.006",20103215
6259063,5750335,"10.1111/j.1365-2567.2007.02661.x",17916163
5706051,8770182,"10.1038/aja.2009.14",20111081
6954584,2317951,"10.3852/08-198",20120229
3809755,6681471,"10.3177/jnsv.53.324",17934237
7167650,10500019,"10.1111/j.1365-2702.2009.02964.x",20500293
3772016,1259017,"10.1073/pnas.90.9.4092",7683420
6608806,8077107,"10.1128/iai.59.10.3463-3471.1991",1910001
6972772,12390035,"10.1016/j.talanta.2015.03.013",26048824
5570158,3950271,"10.1242/jcs.138578",24046449
1241654,5112695,"10.1007/s11126-013-9273-3",24057452
9483853,4689963,"10.4103/0301-4738.98734",22824616
10473842,9013275,"10.1155/2012/127149",22830028
12721563,10930329,"10.1021/jo301059u",22834858
4850350,12563073,"10.1021/bi00430a061",2719937
8248883,5191164,"10.3748/wjg.v23.i28.5158",28811710
11910278,12665807,"10.1089/g4h.2017.0027",28816512
2444235,2899227,"10.1186/s12941-017-0234-9",28821299
10080590,1060724,"10.1140/epje/i2017-11563-y",28828601
12825533,6236529,"10.1177/1708538117717348",28835187
2782795,857777,"10.1073/pnas.0501758102",16174751
237693,1617329,"10.1016/j.bbamcr.2016.12.009",27965112
4244693,3729089,"10.1016/s0006-8993(98)01173-1",9889302
4885052,7619202,"10.1126/science.1199006",21030637
3651465,1116511,"10.1155/2009/182689",20224638
4647673,6178720,"10.1080/09670260902749159",20224747
5453853,1883835,"10.1016/j.bbr.2010.03.015",20226815
2444053,4632224,"10.1002/mgg3.314",29178645
769670,109,"10.1038/s41598-017-16616-7",29180670
8267777,8894221,"10.3390/bios7040057",29189759
6266316,13277065,"10.1016/j.psyneuen.2009.11.012",20036072
2169169,559707,"10.1371/journal.pone.0008372",20037628
5297280,3961383,"10.1016/j.clnu.2009.12.003",20044182
6775320,9175845,"10.1080/02786820802482528",20046215
9695152,11512052,"10.1111/j.1365-2516.2009.02161.x",20050928
9348896,11271276,"10.3324/haematol.2020.246744",32165485
5329354,1729311,"10.1016/j.bpj.2011.05.035",21723836
14052706,9958791,"10.3390/ph14070676",34358102
13009450,11388922,"10.1186/s12887-020-02032-w",32188441
5472905,1681212,"10.1111/j.1742-7843.2011.00760.x",21740527
7552062,9992965,"10.1007/s11096-020-01085-2",32712884
3384207,7580822,"10.1016/0014-5793(72)80579-9",4636733
8695929,4574345,"10.1016/j.cub.2016.02.018",27046814
3060853,6921601,"10.1016/0014-5793(77)80258-5",193735
10227035,10365566,"10.3892/ijmm.2019.4339",31545485
13896766,4128513,"10.1016/j.pestbp.2019.11.007",31973849
6212868,72,"10.1016/s1097-2765(00)80141-0",9809063
9477582,4583853,"10.1111/jcmm.16788",34278675
4691526,1455187,"10.1093/bib/bbm029",17626066
532703,2749109,"10.1007/s00285-011-0464-y",21898111
3774588,12495342,"10.1016/j.jconrel.2007.06.017",17651854
2966709,8974911,"10.1039/c1lc20475k",21901194
2476879,6681429,"10.1155/2018/5063185",30402482
5563929,8023008,"10.1093/infdis/jis596",22984119
4739802,3697123,"10.1371/journal.pone.0042322",22984401
5319390,10666042,"10.1093/bioinformatics/bth286",15117757
12682632,4963198,"10.1039/c2mb25333j",22990985
745806,4454346,"10.1021/acs.jmedchem.6b01626",28225269
2428251,11275628,"10.6061/clinics/2017(01)02",28226026
11878165,13028271,"10.1089/jop.2016.0126",28231036
4266988,3594017,"10.1104/pp.104.057687",16113230
14064061,609249,"10.1123/ijsnem.15.3.236",16131695
9034443,11277761,"10.1016/s0142-9612(97)00006-9",9184752
8050834,5229627,"10.1006/abbi.1997.9963",9186478
1513077,10038489,"10.1099/0022-1317-78-6-1479",9191946
8652053,12071322,"10.1016/j.neurobiolaging.2011.06.001",21783280
3110468,1071900,"10.1016/j.vaccine.2011.07.059",21803090
2368140,11699085,"10.1210/en.2011-1220",21810947
6379129,13400152,"10.14219/jada.archive.1987.0211",3301980
3499105,12189078,"10.1016/0163-7258(87)90068-4",3310035
10297526,10089846,"10.1016/j.exger.2020.111050",32750424
10052514,10086688,"10.1136/bmjopen-2016-015420",28363933
4808990,9111150,"10.1016/j.yasu.2013.02.004",24298844
9699765,11306176,"10.1034/j.1600-0463.2002.100304.x",12076275
2650033,11633180,"10.1016/j.bpc.2009.10.005",19903579
3085789,839246,"10.1186/1472-6807-9-71",19917096
293988,5142329,"10.1152/ajprenal.00306.2012",23303408
4333713,1489467,"10.1371/journal.ppat.1004750",25816318
2678380,5993068,"10.1016/j.autrev.2015.03.005",25816995
7972304,10775892,"10.1371/journal.pone.0123030",25822150
4823899,30,"10.1111/imm.12468",25829072
4114049,5484779,"10.1111/pedi.12513",28271591
7516121,9165083,"10.1002/mbo3.1014",32113191
826784,5123377,"10.1021/acs.jafc.9b07405",32125837
2894931,4685311,"10.1016/j.phrs.2015.03.022",25882248
7806017,5895895,"10.1186/s12933-015-0185-4",25888905
12640131,8777452,"10.1182/blood-2015-03-634329",25896653
5095948,30,"10.1084/jem.20140825",25897172
11706345,10884533,"10.3389/fmed.2015.00021",25905103
13614252,8087715,"10.1093/bja/aeu139",24916399
7571134,12573083,"10.1016/j.watres.2020.116507",33126000
7195334,12212445,"10.1038/225075a0",5410202
4227687,1547596,"10.1016/j.psychres.2013.03.002",23541242
5187666,9380696,"10.1007/s00776-013-0382-5",23543267
6979,204158,"10.1002/clc.22016",22674150
1500672,4411039,"10.1063/1.4714710",22685345
6527374,8068626,"10.1016/j.semradonc.2012.03.010",22687950
7916491,6476561,"10.1136/bcr.10.2010.3424",22701006
4510209,3713637,"10.1006/taap.1999.8755",10486304
545910,169231,"10.1093/bioinformatics/15.7.593",10487867
2352091,30,"10.1097/00001622-199909000-00002",10505767
4461670,5565694,"10.1007/s12015-014-9528-x",25007774
1992022,550391,"10.1111/j.1349-7006.2012.02240.x",22329832
10688546,7542790,"10.1371/journal.pcbi.1005079",27623159
7663479,7420017,"10.1016/j.kjms.2016.07.008",27638402
4524323,6153647,"10.1073/pnas.1613273113",27647923
5120132,13106858,"10.1097/00024382-199501000-00008",7850580
1667488,4825650,"10.1371/journal.pone.0228733",32045443
1667689,2495831,"10.1007/s00604-020-4143-9",32062754
9342060,8917585,"10.1177/0846537119895751",32063021
2460522,30,"10.1002/mus.26106",29466830
2622109,819004,"10.1371/journal.pone.0018783",21559529
10560828,1319975,"10.1093/geront/gnr012",21565820
3597313,8998837,"10.1186/1471-2164-12-220",21569240
1347014,4509725,"10.4103/0974-9233.75878",21572728
1317537,5087520,"10.1113/expphysiol.1990.sp003409",1693522
1401621,4465736,"10.2170/jjphysiol.54.263",15541204
12400357,12891237,"10.1097/00005650-200412000-00007",15550800
3855440,12263993,"10.1016/j.chroma.2004.05.023",15553145
3555179,3355402,"10.1016/s0232-1513(88)80058-6",3384068
7053501,12935744,"10.1016/0300-483x(87)90111-9",3603573
9754206,980582,"10.1016/0304-3940(86)90150-3",2875421
8780196,9808325,"10.1111/j.1476-5381.1987.tb11320.x",2890392
7691247,13153040,"10.1006/pmed.2000.0725",11006057
555446,72,"10.1006/jmcc.2000.1215",11013125
1265878,30,"10.1002/yea.1553",17879324
13575449,10705145,"10.1016/j.ejso.2007.08.006",17905563
3653595,3491844,"10.1002/art.22947",17907194
7319864,5130420,"10.1007/978-1-4939-7116-9_6",28573612
4962483,1565410,"10.1007/s00401-017-1736-4",28584888
10064909,11509968,"10.1002/adma.201606467",28585247
6646615,30,"10.1371/journal.pntd.0005657",28586379
2187006,6524694,"10.1016/j.cub.2006.12.024",17240335
12431909,4060183,"10.1016/j.neuropsychologia.2006.12.011",17266996
3740574,1244433,"10.1006/taap.1998.8419",9653053
5966864,1961221,"10.1023/a:1008030706308",9654682
1438086,4732726,"10.1046/j.1432-1327.1998.2540433.x",9660202
9750860,6028630,"10.1111/jicd.12184",26272266
4402751,7199022,"10.1016/j.jconrel.2015.08.012",26272765
10603344,7546402,"10.1016/j.bpj.2015.06.067",26276689
5919991,2053431,"10.1007/s13277-015-3912-2",26277788
12470131,7240753,"10.1002/prot.24769",25645367
7148061,4445988,"10.1007/s12010-015-1523-4",25652828
3974220,3554877,"10.1177/2045125314557797",25653831
12677289,11794622,"10.1186/1471-2458-12-1087",23249170
9825213,12265921,"10.1007/s00508-012-0285-z",23250468
13959731,9152786,"10.1093/carcin/bgaa088",32780107
3607920,4788478,"10.1073/pnas.1212676110",23256157
1741308,3016935,"10.1016/j.gene.2012.12.058",23266810
13484151,4119391,"10.1016/j.neuroscience.2012.12.026",23270855
7015894,4394986,"10.1016/j.neuroimage.2014.07.044",25069046
3551866,1245528,"10.1093/abbs/gmu064",25074414
11642769,12511960,"10.1111/j.1472-8206.2005.00338.x",15910655
1024091,4401510,"10.1080/019131290882303",15931778
2122327,2961108,"10.1016/j.virol.2005.04.028",15939448
9594730,9295020,"10.4166/kjg.2011.58.1.20",21778799
2481403,2841411,"10.1242/dev.168666",30504124
1430877,72,"10.1105/tpc.15.00589",26342015
1153767,4409410,"10.1002/dvdy.24345",26342211
7913888,4554874,"10.1155/2015/703457",26346984
9731594,4664416,"10.1007/s12032-015-0520-3",25716885
24299,233665,"10.1016/j.ijheh.2015.02.003",25747544
10722148,1271565,"10.1016/j.archger.2015.02.008",25747849
2305161,12427585,"10.1039/b818306f",19290357
4856233,12561662,"10.1021/ja809746t",19292451
4611722,4882186,"10.1016/j.humpath.2008.12.016",19297006
3107064,11907177,"10.1038/ki.2011.323",21997502
13972406,5023202,"10.1002/ajmg.a.61890",32978894
14459248,12500708,"10.1021/jm960674d",8978833
11557544,4838185,"10.1016/s0933-3657(96)00355-7",8985540
5737098,1720252,"10.1210/mend.11.1.9869",8994188
5492078,30,"10.1093/nar/gkg556",12824317
6101464,5031025,"10.1016/0012-1606(88)90268-0",2838350
6716735,1942280,"10.1038/s41419-020-2297-3",32029741
4873762,72,"10.1089/ten.1996.2.17",19877949
8079835,12944075,"10.1080/15257770.2013.811527",23895356
123180,5120063,"10.2217/bmm.13.58",23905897
5579500,13100729,"10.1179/oeh.2007.13.4.404",18085054
2079507,6493669,"10.1007/s10534-015-9889-x",26502356
6334493,9820352,"10.1021/ct2007814",22754404
13400286,4251584,"10.1371/journal.pone.0039475",22761802
4770606,12456728,"10.1016/0039-128x(69)90027-0",4241618
1484711,10932026,"10.1021/bi00792a017",4942453
14079176,182188,"10.3892/ijmm_00000446",20514434
8318737,2559572,"10.1007/978-1-4939-8657-6_21",30043381
11977875,6137081,"10.1016/j.lfs.2018.07.045",30048695
904063,253738,"10.1016/j.str.2015.08.007",26365801
9033992,6542017,"10.1371/journal.pone.0137678",26366867
9241189,634106,"10.18240/ijo.2018.09.05",30225218
1436685,2539341,"10.1016/0006-2952(92)90618-s",1554383
4250713,7599999,"10.1111/j.1600-0609.1992.tb00584.x",1559569
12313518,1897802,"10.1002/mrd.1080310108",1562326
14148791,10763728,"10.1210/endo.130.5.1572293",1572293
3031417,8283516,"10.1002/ppul.10063",11921453
5008524,12576735,"10.1002/sctm.18-0181",30585445
800666,72,"10.1021/jacs.8b11529",30586296
8344264,10758474,"10.1016/j.biortech.2018.12.048",30590206
8422544,10986552,"10.1016/j.ocl.2019.11.001",32138851
10262623,13369040,"10.1002/jmri.27116",32154973
8153685,417012,"10.1051/medsci/20062267595",16828034
517781,182408,"10.1016/j.jhazmat.2006.06.011",16839683
12236226,8434559,"10.1159/000094574",16847390
7589608,5782345,"10.1080/10408398.2020.1860899",33345590
7587564,5813253,"10.1016/j.redox.2020.101826",33352464
8501606,10536042,"10.1039/d0cp03620j",33355332
4223156,3832779,"10.1093/embo-reports/kvf028",11818338
13636931,2172458,"10.1021/jf0701279",17567140
1346043,5382657,"10.1002/jor.20414",17568415
5624747,3860183,"10.1083/jcb.200702062",17576797
6859428,11845551,"10.1016/j.transproceed.2007.03.063",17580154
2762184,11779703,"10.7150/ijms.4768",23055813
7587577,6388665,"10.1007/s13300-020-00978-9",33314006
5149405,10664721,"10.1001/jama.2010.378",20371788
11781218,3832248,"10.1007/s00115-003-1565-7",15300321
10763962,10399926,"10.1007/s00277-004-0914-3",15309523
6202735,8805925,"10.1093/toxsci/kfh253",15310864
2586226,30,"10.1016/j.thorsurg.2013.01.002",23566973
4267494,8007902,"10.1007/s00345-013-1077-4",23588815
5498676,4976175,"10.1038/nsmb.3361",28054567
16864,1893696,"10.1007/s10792-013-9737-3",23408014
869028,247206,"10.1002/eji.201243265",23408318
2298804,2930059,"10.1590/s1415-47572012000600021",23412648
14554822,12742578,"10.2174/1381612811319300014",23431986
7596388,2426427,"10.1038/s41598-021-81293-6",33462313
8511535,257369,"10.1111/epi.16800",33464568
12171437,4921245,"10.3928/23258160-20201223-06",33471912
1814024,8913864,"10.1002/jgm.947",16807955
4389786,7613232,"10.1016/j.micinf.2006.02.016",16815068
12304988,5661399,"10.1007/s11684-014-0350-2",25159992
1708678,702605,"10.1016/j.tig.2014.07.007",25168683
13854177,4224253,"10.3390/ph12020051",30987265
13548207,1982839,"10.1159/000354676",24246974
10399923,3366028,"10.1016/j.medcli.2009.10.008",20004420
2160536,11329334,"10.1016/j.ijbiomac.2009.12.005",20025901
9139159,11274606,"10.3390/ijerph14030325",28335580
2561397,3291730,"10.1182/blood-2012-11-469627",23435461
8004367,451401,"10.1371/journal.pone.0058026",23460918
13756535,1942840,"10.1186/s12918-017-0495-0",29166896
5805702,4058304,"10.1261/rna.059428.116",28592461
12809077,6220438,"10.1038/s41598-017-03291-x",28596527
10981255,7960642,"10.1007/s13205-017-0787-5",28597165
2994859,11654736,"10.1007/s00421-001-0531-y",11990728
3170206,6037763,"10.1021/bm1007822",20882998
5180988,4080637,"10.14814/phy2.12679",27009276
7783171,13331935,"10.1007/s10985-016-9362-3",27016934
5290612,4086775,"10.1161/01.atv.13.7.1013",8391309
12649531,7641099,"10.1002/elps.1150140165",8394806
4622384,5600041,"10.1182/blood-2002-10-3149",12637327
6601947,8781225,"10.1007/s00418-003-0508-5",12649736
9054807,665165,"10.1017/s0265021503000413",12650497
13563242,4124310,"10.1016/j.jneumeth.2013.10.014",24216177
3113479,30,"10.1016/j.devcel.2008.02.001",18410728
5436055,12685586,"10.1038/srep05435",24961469
13495715,5705968,"10.1016/j.antiviral.2014.06.002",24973759
